algorithm_name,env_n,size,best_solution,H,states,time
random,0,4,"[2, 0, 3, 1]",0,59,0.00014170699432725087
HC,0,4,"[2, 0, 1, 3]",1,29,3.328899765620008e-05
SA,0,4,"[1, 3, 0, 2]",0,52,9.617800242267549e-05
GA,0,4,"[2, 0, 3, 1]",0,113733,0.16607463200489292
random,1,4,"[1, 3, 0, 2]",0,568,0.0013323499952093698
HC,1,4,"[1, 3, 0, 2]",0,29,2.9319999157451093e-05
SA,1,4,"[1, 3, 0, 2]",0,10,2.163899625884369e-05
GA,1,4,"[1, 3, 0, 2]",0,113633,0.16260591299942462
random,2,4,"[1, 3, 0, 2]",0,150,0.00034621200029505417
HC,2,4,"[2, 1, 3, 0]",1,29,2.6998997782357037e-05
SA,2,4,"[1, 3, 0, 2]",0,49,7.925799582153559e-05
GA,2,4,"[1, 3, 0, 2]",0,113491,0.15686581800400745
random,3,4,"[1, 3, 0, 2]",0,110,0.00024912399385357276
HC,3,4,"[0, 3, 1, 2]",1,43,3.919900336768478e-05
SA,3,4,"[1, 3, 0, 2]",0,206,0.0003155519952997565
GA,3,4,"[1, 3, 0, 2]",0,113619,0.15763199899811298
random,4,4,"[1, 3, 0, 2]",0,53,0.0001247670006705448
HC,4,4,"[2, 0, 3, 1]",0,43,3.885899786837399e-05
SA,4,4,"[1, 3, 0, 2]",0,69,0.00011066799925174564
GA,4,4,"[1, 3, 0, 2]",0,113771,0.15687867700034985
random,5,4,"[2, 0, 3, 1]",0,112,0.00028212300094310194
HC,5,4,"[2, 0, 3, 1]",0,43,3.914900298696011e-05
SA,5,4,"[1, 3, 0, 2]",0,80,0.0001270669963560067
GA,5,4,"[2, 0, 3, 1]",0,113625,0.15883321100409376
random,6,4,"[2, 0, 3, 1]",0,19,4.561899550026283e-05
HC,6,4,"[0, 3, 1, 2]",1,43,3.93290029023774e-05
SA,6,4,"[1, 3, 0, 2]",0,78,0.00012345699360594153
GA,6,4,"[1, 3, 0, 2]",0,113789,0.15656206499988912
random,7,4,"[1, 3, 0, 2]",0,114,0.0002627139983815141
HC,7,4,"[0, 3, 1, 2]",1,29,2.6989997422788292e-05
SA,7,4,"[1, 3, 0, 2]",0,37,6.113799463491887e-05
GA,7,4,"[1, 3, 0, 2]",0,113643,0.15703223300079117
random,8,4,"[1, 3, 0, 2]",0,435,0.001006056001642719
HC,8,4,"[3, 1, 0, 2]",1,29,2.8349000785965472e-05
SA,8,4,"[1, 3, 0, 2]",0,69,0.00010815700079547241
GA,8,4,"[2, 0, 3, 1]",0,113801,0.15744962399912765
random,9,4,"[1, 3, 0, 2]",0,64,0.00014888700388837606
HC,9,4,"[2, 0, 1, 3]",1,29,2.7299000066705048e-05
SA,9,4,"[1, 3, 0, 2]",0,23,3.873900277540088e-05
GA,9,4,"[1, 3, 0, 2]",0,113725,0.15728891700564418
random,10,4,"[2, 0, 3, 1]",0,238,0.0005466869988595136
HC,10,4,"[1, 3, 0, 2]",0,29,2.6759000320453197e-05
SA,10,4,"[1, 3, 0, 2]",0,31,5.163899913895875e-05
GA,10,4,"[2, 0, 3, 1]",0,113653,0.1575186410045717
random,11,4,"[2, 0, 3, 1]",0,110,0.0002754439992713742
HC,11,4,"[1, 3, 2, 0]",1,43,3.993900463683531e-05
SA,11,4,"[1, 3, 0, 2]",0,187,0.00031273200147552416
GA,11,4,"[2, 0, 3, 1]",0,113645,0.15964352199807763
random,12,4,"[2, 0, 3, 1]",0,49,0.00011431700113462284
HC,12,4,"[2, 0, 3, 1]",0,29,2.868899900931865e-05
SA,12,4,"[2, 0, 3, 1]",0,79,0.00013947700062999502
GA,12,4,"[1, 3, 0, 2]",0,113595,0.160896153000067
random,13,4,"[2, 0, 3, 1]",0,64,0.00016597600188106298
HC,13,4,"[3, 1, 0, 2]",1,43,4.1739003791008145e-05
SA,13,4,"[1, 3, 0, 2]",0,104,0.00017827600095188245
GA,13,4,"[1, 3, 0, 2]",0,113605,0.16183160100626992
random,14,4,"[2, 0, 3, 1]",0,396,0.0009188680051011033
HC,14,4,"[0, 2, 3, 1]",1,15,1.5109995729289949e-05
SA,14,4,"[2, 0, 3, 1]",0,43,7.70879996707663e-05
GA,14,4,"[2, 0, 3, 1]",0,113673,0.16259700299997348
random,15,4,"[1, 3, 0, 2]",0,50,0.00013333700189832598
HC,15,4,"[3, 0, 2, 1]",1,29,2.8089998522773385e-05
SA,15,4,"[2, 0, 3, 1]",0,39,6.734800263075158e-05
GA,15,4,"[2, 0, 3, 1]",0,113717,0.16122773499955656
random,16,4,"[1, 3, 0, 2]",0,59,0.00014085700240684673
HC,16,4,"[1, 3, 0, 2]",0,29,2.8818998544011265e-05
SA,16,4,"[2, 0, 3, 1]",0,9,1.9130005966871977e-05
GA,16,4,"[2, 0, 3, 1]",0,113701,0.16188693999720272
random,17,4,"[2, 0, 3, 1]",0,107,0.00026948400045512244
HC,17,4,"[3, 1, 0, 2]",1,29,2.8258997190278023e-05
SA,17,4,"[2, 0, 3, 1]",0,61,0.00010863700299523771
GA,17,4,"[2, 0, 3, 1]",0,113625,0.16093095299584093
random,18,4,"[1, 3, 0, 2]",0,78,0.00020131500059505925
HC,18,4,"[0, 2, 3, 1]",1,43,4.1649000195320696e-05
SA,18,4,"[2, 0, 3, 1]",0,6,1.4968994946684688e-05
GA,18,4,"[2, 0, 3, 1]",0,113735,0.16137836199777666
random,19,4,"[2, 0, 3, 1]",0,26,6.137800664873794e-05
HC,19,4,"[2, 0, 1, 3]",1,43,4.020000051241368e-05
SA,19,4,"[2, 0, 3, 1]",0,88,0.0001420760017936118
GA,19,4,"[1, 3, 0, 2]",0,113713,0.16101864999654936
random,20,4,"[1, 3, 0, 2]",0,324,0.0007525729961344041
HC,20,4,"[2, 0, 3, 1]",0,29,2.907999441958964e-05
SA,20,4,"[2, 0, 3, 1]",0,8,2.0789004338439554e-05
GA,20,4,"[2, 0, 3, 1]",0,113661,0.1633486360005918
random,21,4,"[1, 3, 0, 2]",0,20,4.728900239570066e-05
HC,21,4,"[1, 3, 0, 2]",0,29,2.857000072253868e-05
SA,21,4,"[1, 3, 0, 2]",0,61,0.00010108800051966682
GA,21,4,"[1, 3, 0, 2]",0,113773,0.1664071349950973
random,22,4,"[1, 3, 0, 2]",0,55,0.00012986700312467292
HC,22,4,"[2, 0, 3, 1]",0,15,1.5040001017041504e-05
SA,22,4,"[1, 3, 0, 2]",0,55,8.93280011950992e-05
GA,22,4,"[2, 0, 3, 1]",0,113743,0.16462798599968664
random,23,4,"[1, 3, 0, 2]",0,198,0.00045927999599371105
HC,23,4,"[2, 1, 3, 0]",1,43,4.0738996176514775e-05
SA,23,4,"[1, 3, 0, 2]",0,60,9.94180009001866e-05
GA,23,4,"[2, 0, 3, 1]",0,113669,0.16292761500517372
random,24,4,"[1, 3, 0, 2]",0,428,0.000998775998596102
HC,24,4,"[2, 0, 3, 1]",0,29,2.7360001695342362e-05
SA,24,4,"[1, 3, 0, 2]",0,5,1.1790005373768508e-05
GA,24,4,"[1, 3, 0, 2]",0,113677,0.1635862709954381
random,25,4,"[1, 3, 0, 2]",0,71,0.00016499600315000862
HC,25,4,"[0, 3, 1, 2]",1,43,4.157899820711464e-05
SA,25,4,"[2, 0, 3, 1]",0,11,2.2498999896924943e-05
GA,25,4,"[2, 0, 3, 1]",0,113625,0.16384407399891643
random,26,4,"[2, 0, 3, 1]",0,249,0.0005717460007872432
HC,26,4,"[3, 0, 2, 1]",1,43,4.0148996049538255e-05
SA,26,4,"[1, 3, 0, 2]",0,66,0.00012122699990868568
GA,26,4,"[1, 3, 0, 2]",0,113677,0.1645030189974932
random,27,4,"[1, 3, 0, 2]",0,6,1.535999763291329e-05
HC,27,4,"[3, 0, 2, 1]",1,43,4.0118997276294976e-05
SA,27,4,"[2, 0, 3, 1]",0,35,5.743899964727461e-05
GA,27,4,"[2, 0, 3, 1]",0,113521,0.16459440699691186
random,28,4,"[2, 0, 3, 1]",0,265,0.0006164049991639331
HC,28,4,"[0, 3, 1, 2]",1,29,2.7618996682576835e-05
SA,28,4,"[1, 3, 0, 2]",0,82,0.0001362269977107644
GA,28,4,"[1, 3, 0, 2]",0,113715,0.16414285700011533
random,29,4,"[2, 0, 3, 1]",0,301,0.0006993639981374145
HC,29,4,"[0, 3, 1, 2]",1,43,4.008900577900931e-05
SA,29,4,"[2, 0, 3, 1]",0,70,0.00011256799916736782
GA,29,4,"[1, 3, 0, 2]",0,113577,0.16485369099973468
random,0,8,"[2, 0, 5, 7, 5, 1, 6, 4]",1,20001,0.1016989019990433
HC,0,8,"[6, 3, 0, 4, 7, 5, 2, 1]",1,233,0.0005560170029639266
SA,0,8,"[2, 0, 5, 7, 1, 3, 6, 4]",1,446,0.0014113069992163219
GA,0,8,"[3, 1, 7, 4, 6, 0, 2, 5]",0,113621,0.3444618380017346
random,1,8,"[2, 5, 1, 6, 4, 0, 7, 3]",0,13803,0.06971105699631153
HC,1,8,"[2, 7, 5, 1, 1, 4, 6, 3]",1,291,0.0007039640040602535
SA,1,8,"[5, 2, 6, 3, 1, 7, 4, 0]",1,446,0.0013730779974139296
GA,1,8,"[5, 2, 6, 1, 7, 4, 0, 3]",0,113701,0.3402172969945241
random,2,8,"[4, 6, 0, 2, 7, 5, 3, 1]",0,2707,0.013635332004923839
HC,2,8,"[4, 2, 0, 6, 6, 1, 5, 7]",1,291,0.0007046840037219226
SA,2,8,"[4, 2, 0, 5, 7, 1, 3, 6]",0,412,0.001264050995814614
GA,2,8,"[4, 1, 5, 0, 2, 7, 5, 3]",1,113779,0.3447713810019195
random,3,8,"[3, 3, 0, 7, 4, 1, 5, 2]",1,20001,0.09960639099881519
HC,3,8,"[2, 4, 1, 3, 0, 2, 7, 5]",1,233,0.0005633370019495487
SA,3,8,"[7, 6, 2, 5, 1, 4, 0, 3]",1,446,0.001383388000249397
GA,3,8,"[2, 7, 3, 6, 0, 5, 1, 4]",0,113673,0.342721528999391
random,4,8,"[2, 6, 1, 7, 5, 3, 0, 4]",0,12275,0.061021448993415106
HC,4,8,"[6, 4, 7, 3, 0, 2, 5, 1]",1,233,0.0005559869969147258
SA,4,8,"[1, 4, 0, 5, 7, 2, 6, 3]",1,446,0.001398827000230085
GA,4,8,"[4, 6, 1, 3, 7, 0, 2, 5]",0,113615,0.3413168909974047
random,5,8,"[6, 3, 1, 7, 5, 0, 2, 7]",1,20001,0.09928631699585821
HC,5,8,"[5, 2, 0, 7, 4, 1, 3, 6]",0,233,0.0005770360003225505
SA,5,8,"[3, 6, 4, 2, 0, 5, 7, 1]",0,176,0.000565116002690047
GA,5,8,"[2, 6, 3, 0, 7, 1, 4, 2]",1,113693,0.3522433869948145
random,6,8,"[0, 2, 5, 7, 4, 1, 3, 6]",1,20001,0.09867636200215202
HC,6,8,"[4, 6, 0, 2, 7, 5, 3, 1]",0,233,0.0005143989983480424
SA,6,8,"[6, 1, 5, 2, 0, 3, 7, 4]",0,330,0.0009706569981062785
GA,6,8,"[4, 1, 3, 6, 2, 7, 5, 0]",0,113559,0.32534310400660615
random,7,8,"[6, 1, 3, 0, 7, 4, 2, 0]",1,20001,0.09929183899657801
HC,7,8,"[2, 7, 3, 0, 0, 4, 1, 5]",1,175,0.00039052099600667134
SA,7,8,"[4, 6, 1, 2, 5, 7, 0, 3]",1,446,0.0014096969971433282
GA,7,8,"[3, 1, 7, 4, 6, 0, 2, 5]",0,113779,0.3312462760004564
random,8,8,"[2, 2, 6, 1, 7, 4, 0, 3]",1,20001,0.09903567299625138
HC,8,8,"[1, 4, 7, 3, 6, 2, 0, 5]",1,175,0.0003967500015278347
SA,8,8,"[5, 0, 2, 4, 7, 7, 3, 1]",1,446,0.0012932300014654174
GA,8,8,"[6, 4, 2, 0, 5, 7, 1, 3]",0,113749,0.33089624399872264
random,9,8,"[2, 5, 7, 2, 0, 3, 1, 4]",1,20001,0.098988763995294
HC,9,8,"[4, 1, 7, 2, 6, 3, 5, 0]",1,233,0.0005387470009736717
SA,9,8,"[5, 2, 6, 3, 0, 7, 1, 4]",0,394,0.0011822430024039932
GA,9,8,"[1, 7, 2, 6, 3, 0, 4, 5]",1,113575,0.3349626700000954
random,10,8,"[4, 0, 3, 6, 2, 5, 1, 7]",1,20001,0.09896014599507907
HC,10,8,"[6, 3, 1, 7, 5, 0, 2, 4]",0,233,0.0005391079976106994
SA,10,8,"[0, 5, 3, 1, 7, 4, 2, 0]",1,446,0.0013487390024238266
GA,10,8,"[2, 5, 7, 0, 4, 6, 1, 3]",0,113681,0.333488064003177
random,11,8,"[4, 6, 1, 2, 5, 7, 0, 3]",1,20001,0.09845541800314095
HC,11,8,"[2, 6, 3, 7, 0, 4, 5, 1]",1,291,0.0006684939944534563
SA,11,8,"[4, 0, 3, 6, 2, 7, 1, 7]",1,446,0.0013548080023610964
GA,11,8,"[4, 1, 3, 0, 2, 7, 5, 2]",1,113729,0.3379844980008784
random,12,8,"[3, 1, 7, 2, 6, 6, 0, 5]",1,20001,0.09920144899660954
HC,12,8,"[3, 7, 4, 2, 0, 5, 1, 6]",1,233,0.0005536469980143011
SA,12,8,"[2, 4, 7, 3, 0, 6, 1, 5]",0,420,0.0012627609976334497
GA,12,8,"[6, 0, 7, 1, 4, 2, 7, 3]",1,113687,0.3451647719994071
random,13,8,"[7, 3, 1, 6, 2, 5, 0, 4]",1,20001,0.10063561599963577
HC,13,8,"[7, 2, 4, 6, 0, 5, 3, 1]",1,233,0.0005559769997489639
SA,13,8,"[5, 2, 6, 3, 7, 1, 4, 0]",1,446,0.0013472889986587688
GA,13,8,"[6, 0, 7, 1, 4, 2, 7, 3]",1,113749,0.34519462200114504
random,14,8,"[3, 1, 4, 7, 0, 3, 5, 2]",1,20001,0.10046203000092646
HC,14,8,"[0, 6, 4, 2, 7, 1, 3, 5]",1,175,0.0004317799975979142
SA,14,8,"[1, 3, 0, 4, 7, 5, 2, 6]",1,446,0.0013528389972634614
GA,14,8,"[5, 2, 4, 7, 0, 3, 1, 6]",0,113693,0.3412607830032357
random,15,8,"[6, 0, 5, 1, 5, 7, 2, 4]",1,20001,0.10084161200211383
HC,15,8,"[2, 2, 7, 1, 3, 5, 0, 4]",1,233,0.0005555580064537935
SA,15,8,"[4, 1, 3, 0, 7, 4, 2, 5]",1,446,0.001349607999145519
GA,15,8,"[2, 0, 7, 4, 1, 3, 6, 3]",1,113573,0.34231742799602216
random,16,8,"[3, 5, 7, 1, 3, 0, 2, 4]",1,20001,0.10063150699716061
HC,16,8,"[6, 1, 3, 5, 0, 2, 4, 7]",1,291,0.0006927939975867048
SA,16,8,"[6, 2, 7, 5, 0, 5, 1, 4]",1,446,0.001350099002593197
GA,16,8,"[3, 5, 0, 4, 1, 7, 2, 6]",0,113657,0.3416866530023981
random,17,8,"[2, 5, 1, 4, 0, 3, 3, 7]",1,20001,0.10081526199792279
HC,17,8,"[2, 5, 7, 6, 0, 3, 1, 4]",1,233,0.0005571869987761602
SA,17,8,"[1, 4, 7, 3, 0, 2, 5, 6]",1,446,0.001358909001282882
GA,17,8,"[2, 5, 7, 0, 4, 6, 1, 3]",0,113611,0.34452676700311713
random,18,8,"[3, 7, 0, 4, 6, 1, 5, 2]",0,3150,0.015923119004582986
HC,18,8,"[0, 4, 1, 5, 2, 6, 7, 3]",1,233,0.0005646470017381944
SA,18,8,"[7, 0, 4, 6, 1, 5, 2, 5]",1,446,0.001355779000732582
GA,18,8,"[1, 3, 5, 7, 2, 0, 6, 4]",0,113719,0.3449481770003331
random,19,8,"[1, 6, 2, 5, 7, 0, 4, 6]",1,20001,0.1008769999971264
HC,19,8,"[0, 7, 4, 6, 1, 2, 5, 3]",1,291,0.0006852839942439459
SA,19,8,"[1, 7, 5, 3, 6, 0, 2, 4]",1,446,0.0013579990045400336
GA,19,8,"[4, 1, 3, 6, 2, 7, 5, 3]",1,113739,0.3485365439992165
random,20,8,"[4, 2, 0, 5, 6, 1, 3, 7]",1,20001,0.10166894199937815
HC,20,8,"[7, 1, 4, 0, 3, 6, 2, 5]",1,291,0.0007212829950731248
SA,20,8,"[2, 7, 3, 0, 5, 1, 4, 6]",1,446,0.0013858579986845143
GA,20,8,"[4, 2, 0, 6, 1, 7, 5, 3]",0,113735,0.3457813779969001
random,21,8,"[5, 2, 0, 6, 4, 7, 1, 4]",1,20001,0.10280221599532524
HC,21,8,"[6, 1, 7, 4, 0, 3, 5, 2]",1,291,0.0007017640018602833
SA,21,8,"[2, 5, 1, 4, 7, 0, 3, 7]",1,446,0.0013413179985946044
GA,21,8,"[5, 7, 2, 0, 2, 6, 1, 3]",1,113805,0.34090317099617096
random,22,8,"[0, 7, 3, 1, 6, 2, 5, 2]",1,20001,0.10079108200443443
HC,22,8,"[7, 1, 4, 6, 3, 0, 2, 5]",1,291,0.0006949740054551512
SA,22,8,"[2, 4, 7, 3, 0, 6, 1, 5]",0,231,0.0007023229991318658
GA,22,8,"[7, 2, 4, 1, 7, 5, 3, 6]",1,113809,0.3450533649956924
random,23,8,"[5, 2, 6, 1, 7, 7, 0, 3]",1,20001,0.10019460700277705
HC,23,8,"[0, 6, 4, 2, 7, 1, 3, 5]",1,291,0.0006854739986010827
SA,23,8,"[5, 7, 6, 0, 3, 1, 4, 2]",1,446,0.001350067999737803
GA,23,8,"[6, 1, 1, 5, 7, 0, 3, 3]",2,113535,0.34343791100400267
random,24,8,"[0, 6, 3, 5, 7, 1, 4, 2]",0,12758,0.0638162649993319
HC,24,8,"[4, 0, 3, 6, 1, 5, 2, 0]",2,291,0.0006794639994041063
SA,24,8,"[4, 0, 5, 5, 2, 6, 3, 7]",1,446,0.0013472480059135705
GA,24,8,"[5, 1, 6, 1, 7, 2, 0, 3]",1,113585,0.34489568899880396
random,25,8,"[6, 3, 1, 4, 7, 0, 2, 5]",0,14851,0.07514036999782547
HC,25,8,"[1, 6, 1, 7, 4, 7, 0, 2]",2,233,0.000557447005121503
SA,25,8,"[6, 4, 7, 7, 0, 2, 5, 1]",1,446,0.0013493090009433217
GA,25,8,"[3, 5, 0, 4, 1, 7, 2, 6]",0,113663,0.34409236799547216
random,26,8,"[2, 6, 1, 7, 5, 3, 6, 4]",1,20001,0.1007893529967987
HC,26,8,"[0, 3, 7, 2, 4, 6, 1, 5]",1,233,0.0005482970009325072
SA,26,8,"[2, 4, 1, 7, 0, 6, 3, 0]",1,446,0.0013621980033349246
GA,26,8,"[2, 5, 3, 0, 7, 4, 1, 5]",1,113693,0.3457740890007699
random,27,8,"[7, 2, 2, 5, 1, 4, 0, 3]",1,20001,0.1007731630015769
HC,27,8,"[1, 4, 7, 5, 0, 2, 6, 3]",1,291,0.0007289929999387823
SA,27,8,"[1, 7, 2, 0, 6, 4, 1, 5]",1,446,0.0013562790045398287
GA,27,8,"[7, 2, 4, 1, 7, 0, 6, 3]",1,113593,0.3451188440012629
random,28,8,"[0, 2, 5, 3, 1, 7, 4, 6]",1,20001,0.13675777499884134
HC,28,8,"[0, 7, 3, 1, 6, 2, 5, 2]",1,233,0.0005662269977619871
SA,28,8,"[1, 5, 7, 2, 0, 3, 6, 4]",0,188,0.0006374459990183823
GA,28,8,"[2, 4, 7, 0, 0, 3, 1, 6]",1,113727,0.3333403769938741
random,29,8,"[2, 4, 6, 1, 3, 5, 0, 4]",1,20001,0.09799742799805244
HC,29,8,"[4, 6, 1, 0, 7, 3, 7, 2]",2,175,0.0004107409986318089
SA,29,8,"[5, 3, 6, 0, 7, 1, 4, 2]",0,329,0.000978558004135266
GA,29,8,"[6, 4, 1, 7, 0, 3, 7, 2]",1,113695,0.32891091099736514
random,0,10,"[4, 7, 1, 2, 6, 8, 3, 0, 8, 5]",2,40001,0.2637609480007086
HC,0,10,"[0, 9, 6, 4, 1, 8, 5, 2, 4, 7]",1,737,0.002466643003572244
SA,0,10,"[7, 2, 4, 8, 1, 3, 9, 6, 0, 5]",1,457,0.001877086004242301
GA,0,10,"[5, 2, 4, 7, 0, 2, 9, 1, 3, 8]",1,113693,0.4634269489979488
random,1,10,"[6, 9, 5, 1, 8, 4, 7, 9, 3, 2]",2,40001,0.263886114997149
HC,1,10,"[8, 0, 7, 3, 1, 7, 9, 3, 6, 4]",2,369,0.0012667310002143495
SA,1,10,"[0, 8, 6, 1, 3, 7, 9, 3, 5, 2]",1,457,0.001859857002273202
GA,1,10,"[3, 5, 0, 9, 6, 2, 5, 1, 8, 4]",1,113763,0.46453364299668465
random,2,10,"[1, 5, 7, 9, 3, 0, 2, 4, 8, 6]",1,40001,0.2656538639930659
HC,2,10,"[7, 0, 2, 8, 5, 1, 9, 3, 6, 4]",1,645,0.002154599998902995
SA,2,10,"[7, 0, 3, 8, 1, 5, 2, 9, 6, 4]",1,457,0.001818716998968739
GA,2,10,"[6, 2, 2, 8, 3, 0, 4, 9, 1, 5]",1,113697,0.4578151789974072
random,3,10,"[0, 2, 7, 9, 0, 8, 4, 1, 3, 5]",2,40001,0.26388578500336735
HC,3,10,"[1, 4, 2, 3, 9, 4, 8, 0, 0, 7]",3,461,0.001551724002638366
SA,3,10,"[3, 6, 2, 9, 1, 4, 8, 8, 0, 7]",1,457,0.001843117002863437
GA,3,10,"[8, 5, 2, 4, 1, 7, 9, 6, 3, 0]",0,113737,0.4646953989940812
random,4,10,"[9, 9, 2, 5, 1, 6, 0, 6, 4, 7]",2,40001,0.26457786899845814
HC,4,10,"[4, 9, 0, 2, 7, 5, 8, 1, 1, 6]",2,461,0.0017344989973935299
SA,4,10,"[6, 0, 0, 4, 9, 7, 3, 1, 8, 5]",1,457,0.0019248149983468466
GA,4,10,"[6, 4, 1, 8, 0, 5, 8, 2, 9, 7]",1,113623,0.49524632800603285
random,5,10,"[6, 3, 9, 2, 8, 5, 2, 4, 1, 7]",2,40001,0.27052425000147196
HC,5,10,"[4, 1, 8, 2, 9, 7, 0, 5, 3, 6]",1,461,0.0016487120010424405
SA,5,10,"[2, 6, 8, 3, 1, 9, 7, 5, 0, 8]",1,457,0.001930894999532029
GA,5,10,"[8, 5, 2, 6, 3, 0, 7, 9, 4, 1]",0,113637,0.48554007400525734
random,6,10,"[8, 2, 0, 7, 9, 2, 5, 9, 1, 3]",2,40001,0.2723951669977396
HC,6,10,"[0, 6, 8, 2, 5, 1, 9, 4, 3, 7]",1,553,0.0019761240037041716
SA,6,10,"[3, 7, 2, 4, 8, 0, 5, 9, 1, 6]",0,350,0.001497625002230052
GA,6,10,"[9, 5, 3, 8, 0, 7, 1, 7, 0, 6]",2,113813,0.4884895050054183
random,7,10,"[5, 1, 4, 6, 3, 9, 2, 8, 0, 3]",2,40001,0.2713782899954822
HC,7,10,"[7, 5, 1, 3, 0, 6, 9, 2, 0, 8]",3,277,0.0009733770057209767
SA,7,10,"[5, 1, 9, 0, 3, 7, 2, 8, 6, 4]",0,232,0.0009687280034995638
GA,7,10,"[6, 9, 0, 4, 1, 8, 2, 7, 1, 3]",1,113549,0.46427908899931936
random,8,10,"[5, 7, 2, 0, 7, 9, 4, 3, 1, 8]",2,40001,0.26057142200443195
HC,8,10,"[9, 5, 3, 8, 0, 2, 9, 7, 6, 1]",2,553,0.0018240380013594404
SA,8,10,"[9, 2, 4, 7, 0, 3, 6, 1, 5, 8]",1,457,0.0018330780003452674
GA,8,10,"[1, 8, 4, 0, 9, 9, 6, 3, 7, 2]",1,113639,0.46466839899949264
random,9,10,"[8, 8, 1, 3, 6, 0, 9, 4, 2, 5]",2,40001,0.2586265369973262
HC,9,10,"[6, 4, 1, 1, 9, 5, 8, 3, 0, 2]",2,369,0.0012445419997675344
SA,9,10,"[6, 2, 7, 1, 8, 0, 5, 3, 5, 9]",1,457,0.0018127680014004
GA,9,10,"[2, 7, 3, 1, 8, 4, 9, 0, 2, 5]",1,113515,0.4595026599999983
random,10,10,"[7, 5, 1, 6, 9, 0, 4, 4, 8, 3]",1,40001,0.2638279159946251
HC,10,10,"[1, 6, 4, 0, 0, 3, 9, 7, 2, 8]",1,461,0.001571022999996785
SA,10,10,"[0, 4, 8, 1, 9, 6, 0, 2, 7, 5]",1,457,0.0018169780014432035
GA,10,10,"[7, 5, 8, 1, 4, 0, 3, 6, 9, 2]",0,113661,0.46028786199894967
random,11,10,"[2, 6, 9, 3, 7, 4, 2, 8, 5, 1]",2,40001,0.260872314000153
HC,11,10,"[7, 1, 4, 6, 8, 2, 5, 3, 0, 9]",2,369,0.0012292809988139197
SA,11,10,"[8, 4, 7, 1, 6, 9, 5, 0, 2, 9]",2,457,0.001808918001188431
GA,11,10,"[1, 4, 8, 5, 2, 9, 6, 0, 7, 3]",1,113663,0.46148028299649013
random,12,10,"[8, 3, 7, 4, 1, 6, 9, 5, 2, 4]",2,40001,0.38618342699919594
HC,12,10,"[2, 6, 1, 9, 1, 8, 4, 7, 3, 0]",1,461,0.0015720839946880005
SA,12,10,"[7, 3, 1, 6, 4, 9, 0, 8, 5, 2]",0,401,0.0016374120023101568
GA,12,10,"[1, 3, 6, 9, 7, 2, 0, 5, 8, 4]",1,113549,0.47378392799873836
random,13,10,"[2, 4, 5, 7, 9, 3, 6, 8, 1, 8]",2,40001,0.2622677820036188
HC,13,10,"[2, 9, 1, 4, 8, 0, 3, 7, 0, 5]",2,553,0.0018654460000107065
SA,13,10,"[0, 6, 9, 5, 8, 1, 3, 8, 2, 7]",1,457,0.0018532770045567304
GA,13,10,"[7, 3, 0, 8, 5, 1, 9, 6, 2, 4]",1,113709,0.4666264840052463
random,14,10,"[2, 4, 7, 0, 0, 9, 5, 8, 8, 1]",2,40001,0.266840766002133
HC,14,10,"[7, 4, 0, 5, 0, 9, 3, 6, 8, 1]",1,461,0.001538875003461726
SA,14,10,"[5, 3, 1, 9, 5, 8, 0, 4, 6, 7]",2,457,0.0018729759976849891
GA,14,10,"[4, 1, 1, 6, 9, 2, 8, 3, 0, 7]",1,113539,0.47328081900195684
random,15,10,"[5, 2, 7, 3, 6, 9, 1, 4, 0, 8]",1,40001,0.26524061300005997
HC,15,10,"[2, 4, 1, 8, 9, 5, 1, 7, 0, 3]",3,277,0.0009406579993083142
SA,15,10,"[2, 0, 5, 9, 4, 1, 3, 8, 6, 1]",1,457,0.0018766159992082976
GA,15,10,"[9, 4, 2, 5, 8, 1, 7, 0, 3, 6]",0,113629,0.46120995999808656
random,16,10,"[2, 7, 3, 1, 9, 5, 8, 0, 4, 0]",2,40001,0.26146715100185247
HC,16,10,"[1, 6, 8, 3, 7, 4, 0, 9, 0, 5]",2,461,0.0026227189955534413
SA,16,10,"[1, 5, 2, 9, 3, 0, 8, 4, 0, 7]",1,457,0.0018521770034567453
GA,16,10,"[1, 7, 9, 2, 8, 5, 0, 0, 6, 4]",1,113743,0.45709328700468177
random,17,10,"[4, 0, 7, 5, 2, 6, 1, 0, 8, 3]",2,40001,0.26307314400037285
HC,17,10,"[2, 5, 1, 8, 4, 0, 9, 3, 6, 7]",1,553,0.0018347170043853112
SA,17,10,"[2, 9, 7, 0, 3, 8, 6, 1, 9, 5]",1,457,0.0028788630006602034
GA,17,10,"[4, 7, 5, 3, 9, 0, 5, 8, 6, 1]",1,113699,0.4586298309950507
random,18,10,"[7, 0, 2, 5, 8, 0, 9, 4, 1, 7]",2,40001,0.26377065799897537
HC,18,10,"[6, 1, 7, 4, 0, 3, 8, 9, 5, 2]",1,461,0.0015472230006707832
SA,18,10,"[6, 3, 0, 2, 9, 5, 1, 4, 9, 7]",2,457,0.0018495170006644912
GA,18,10,"[7, 2, 0, 6, 1, 9, 5, 3, 8, 4]",0,113647,0.46726433000003453
random,19,10,"[5, 1, 4, 7, 3, 6, 9, 2, 0, 5]",1,40001,0.26138560400431743
HC,19,10,"[7, 1, 8, 5, 2, 0, 9, 4, 1, 3]",1,645,0.0021403600039775483
SA,19,10,"[0, 2, 6, 1, 7, 5, 3, 9, 4, 8]",1,457,0.0018606469966471195
GA,19,10,"[5, 9, 5, 0, 4, 1, 8, 6, 3, 7]",1,113549,0.46191052400536137
random,20,10,"[4, 7, 9, 2, 9, 1, 3, 0, 8, 6]",2,40001,0.2694621560003725
HC,20,10,"[8, 6, 3, 9, 7, 2, 0, 7, 1, 4]",2,369,0.001261181001609657
SA,20,10,"[2, 5, 8, 1, 4, 0, 9, 6, 1, 3]",1,457,0.0018593369968584739
GA,20,10,"[6, 4, 7, 0, 6, 9, 1, 5, 8, 2]",1,113621,0.46406024399766466
random,21,10,"[7, 3, 1, 8, 0, 5, 9, 1, 6, 4]",2,40001,0.2654548499995144
HC,21,10,"[1, 3, 5, 8, 2, 9, 6, 1, 7, 0]",1,461,0.0016661810004734434
SA,21,10,"[5, 9, 1, 6, 8, 2, 0, 7, 9, 4]",1,457,0.0019273249999969266
GA,21,10,"[6, 1, 5, 7, 9, 0, 3, 8, 4, 2]",0,113743,0.4869609209999908
random,22,10,"[5, 8, 6, 3, 0, 7, 1, 4, 2, 9]",1,40001,0.2704073330023675
HC,22,10,"[1, 4, 0, 7, 9, 2, 6, 1, 3, 5]",1,553,0.0019779639987973496
SA,22,10,"[9, 6, 2, 5, 1, 8, 4, 0, 7, 3]",1,457,0.0019651149996207096
GA,22,10,"[5, 2, 4, 7, 0, 8, 6, 1, 3, 8]",1,113687,0.4879734669957543
random,23,10,"[6, 1, 9, 7, 3, 0, 2, 5, 9, 4]",2,40001,0.2658386890034308
HC,23,10,"[6, 3, 0, 4, 1, 9, 5, 2, 2, 8]",2,461,0.0018556369977886789
SA,23,10,"[1, 4, 6, 3, 0, 7, 4, 2, 5, 8]",1,457,0.0019123360034427606
GA,23,10,"[2, 5, 1, 8, 1, 3, 9, 7, 4, 0]",1,113529,0.48050295100256335
random,24,10,"[7, 4, 1, 3, 8, 6, 1, 9, 2, 0]",2,40001,0.27108537800086197
HC,24,10,"[1, 8, 0, 2, 9, 3, 6, 4, 7, 5]",2,461,0.0016281019998132251
SA,24,10,"[9, 3, 0, 8, 1, 5, 2, 0, 7, 4]",1,457,0.0019209949969081208
GA,24,10,"[8, 3, 0, 6, 9, 2, 5, 7, 9, 1]",1,113665,0.48649178199411836
random,25,10,"[6, 1, 3, 8, 6, 4, 2, 0, 5, 3]",2,40001,0.2693633490052889
HC,25,10,"[4, 2, 8, 2, 7, 3, 1, 9, 5, 0]",1,645,0.0023334760044235736
SA,25,10,"[1, 4, 8, 0, 0, 7, 5, 2, 6, 9]",1,457,0.0019410540044191293
GA,25,10,"[5, 1, 8, 0, 7, 4, 2, 9, 6, 3]",0,113693,0.48625115799950436
random,26,10,"[8, 3, 1, 9, 7, 2, 0, 3, 6, 0]",2,40001,0.27097014999890234
HC,26,10,"[4, 2, 5, 3, 9, 0, 8, 4, 1, 7]",1,461,0.0016178920050151646
SA,26,10,"[3, 5, 7, 2, 6, 8, 1, 4, 0, 9]",1,457,0.001950764999492094
GA,26,10,"[2, 9, 6, 3, 0, 6, 9, 5, 1, 8]",2,113671,0.48673887600307353
random,27,10,"[4, 0, 8, 4, 2, 7, 9, 6, 1, 5]",2,40001,0.2743904509989079
HC,27,10,"[0, 6, 3, 1, 8, 4, 2, 9, 5, 1]",1,369,0.0013162300019757822
SA,27,10,"[4, 6, 9, 0, 5, 1, 8, 2, 7, 3]",1,457,0.0019351049995748326
GA,27,10,"[0, 6, 8, 1, 5, 9, 2, 4, 7, 3]",0,113673,0.48754320700390963
random,28,10,"[5, 8, 0, 3, 4, 8, 1, 9, 7, 2]",2,40001,0.2765595199962263
HC,28,10,"[5, 3, 8, 0, 8, 4, 2, 0, 9, 7]",2,369,0.0013628580054501072
SA,28,10,"[6, 8, 2, 0, 9, 3, 1, 9, 7, 5]",1,457,0.001958084001671523
GA,28,10,"[5, 3, 0, 4, 7, 9, 2, 6, 8, 3]",1,113617,0.4933912220003549
random,29,10,"[0, 6, 4, 7, 1, 8, 9, 5, 3, 8]",2,40001,0.2702085469936719
HC,29,10,"[2, 4, 9, 7, 0, 3, 1, 5, 8, 6]",1,369,0.0013278889964567497
SA,29,10,"[7, 2, 6, 1, 9, 0, 0, 4, 8, 5]",1,457,0.0019250050027039833
GA,29,10,"[8, 6, 4, 2, 0, 9, 7, 5, 3, 1]",0,113723,0.48303404200123623
random,0,12,"[5, 8, 1, 11, 6, 11, 0, 10, 3, 9, 5, 2]",3,60001,0.5147578830001294
HC,0,12,"[5, 10, 1, 7, 0, 2, 0, 8, 6, 11, 3, 11]",2,805,0.004022806002467405
SA,0,12,"[8, 0, 5, 4, 9, 1, 10, 2, 6, 3, 7, 0]",2,466,0.0026385080054751597
GA,0,12,"[2, 5, 3, 0, 11, 8, 6, 3, 1, 7, 4, 0]",2,113453,0.6475276819983264
random,1,12,"[11, 2, 6, 3, 1, 10, 8, 0, 7, 4, 2, 5]",2,60001,0.5179795980002382
HC,1,12,"[11, 7, 11, 2, 0, 5, 3, 9, 6, 10, 8, 1]",2,671,0.003298392999568023
SA,1,12,"[8, 3, 1, 6, 9, 6, 10, 0, 2, 5, 7, 11]",1,466,0.0026190489952568896
GA,1,12,"[3, 5, 9, 1, 4, 0, 7, 0, 10, 3, 6, 8]",2,113717,0.6459834990018862
random,2,12,"[7, 7, 3, 3, 0, 10, 4, 11, 5, 11, 9, 6]",3,60001,0.5122389020034461
HC,2,12,"[11, 6, 0, 2, 5, 7, 2, 10, 8, 1, 4, 4]",2,671,0.00327854400529759
SA,2,12,"[5, 0, 8, 4, 2, 8, 10, 7, 0, 3, 1, 6]",2,466,0.0025866799987852573
GA,2,12,"[6, 0, 7, 5, 11, 8, 1, 3, 9, 2, 8, 5]",2,113453,0.6421044189992244
random,3,12,"[10, 8, 6, 1, 9, 0, 0, 9, 7, 5, 2, 11]",2,60001,0.5175000299932435
HC,3,12,"[4, 2, 11, 5, 7, 10, 8, 6, 1, 3, 0, 9]",2,537,0.002670118003152311
SA,3,12,"[7, 6, 8, 11, 1, 3, 0, 10, 4, 9, 5, 2]",1,466,0.0026362189964856952
GA,3,12,"[10, 5, 9, 4, 9, 0, 3, 1, 6, 11, 2, 4]",2,113699,0.6476593689949368
random,4,12,"[1, 7, 9, 6, 2, 10, 8, 3, 11, 4, 2, 0]",3,60001,0.5184478380033397
HC,4,12,"[10, 4, 9, 0, 2, 7, 1, 11, 0, 8, 3, 5]",1,939,0.004693720999057405
SA,4,12,"[1, 5, 7, 0, 11, 8, 2, 9, 6, 3, 0, 10]",1,466,0.0026369289989816025
GA,4,12,"[4, 1, 11, 11, 3, 7, 9, 2, 0, 10, 0, 5]",2,113731,0.6340721960004885
random,5,12,"[10, 5, 9, 0, 6, 11, 7, 1, 1, 8, 2, 7]",3,60001,0.5187947189988336
HC,5,12,"[9, 2, 5, 7, 1, 11, 8, 6, 0, 3, 10, 4]",0,1073,0.0051987199985887855
SA,5,12,"[6, 9, 3, 10, 8, 2, 4, 7, 0, 11, 1, 5]",1,466,0.0026362089993199334
GA,5,12,"[7, 7, 3, 11, 2, 10, 6, 9, 5, 1, 8, 0]",2,113561,0.6416734980011825
random,6,12,"[0, 10, 3, 1, 9, 7, 0, 11, 7, 5, 2, 6]",3,60001,0.5236735860016779
HC,6,12,"[0, 6, 1, 9, 5, 3, 10, 11, 3, 5, 7, 2]",3,537,0.0026178100015386008
SA,6,12,"[9, 0, 6, 4, 2, 11, 8, 10, 3, 1, 10, 7]",1,466,0.0026138600005651824
GA,6,12,"[2, 5, 7, 9, 1, 8, 4, 0, 7, 10, 6, 3]",1,113615,0.6485026189984637
random,7,12,"[4, 1, 1, 10, 7, 2, 8, 8, 11, 3, 0, 6]",3,60001,0.5218990079956711
HC,7,12,"[2, 10, 7, 11, 5, 8, 6, 3, 0, 4, 9, 1]",3,805,0.003971116995671764
SA,7,12,"[4, 8, 6, 2, 7, 10, 0, 3, 5, 9, 11, 1]",1,466,0.002611358999274671
GA,7,12,"[7, 2, 11, 1, 6, 9, 5, 10, 0, 9, 6, 1]",3,113657,0.6444881429997622
random,8,12,"[5, 9, 1, 4, 0, 7, 10, 2, 11, 3, 8, 4]",2,60001,0.5257363580021774
HC,8,12,"[9, 3, 1, 7, 4, 8, 5, 0, 6, 10, 2, 11]",2,939,0.004689680004958063
SA,8,12,"[6, 10, 7, 0, 3, 0, 8, 11, 4, 1, 10, 2]",2,466,0.0026597190008033067
GA,8,12,"[8, 1, 11, 0, 5, 9, 4, 9, 7, 3, 1, 6]",2,113835,0.6497015309942071
random,9,12,"[1, 11, 8, 2, 11, 1, 10, 4, 0, 9, 3, 6]",2,60001,0.5153738399967551
HC,9,12,"[2, 10, 6, 11, 5, 8, 1, 9, 7, 3, 0, 11]",2,537,0.0026731479956652038
SA,9,12,"[2, 10, 8, 3, 1, 4, 9, 0, 0, 7, 11, 6]",1,466,0.002611279000120703
GA,9,12,"[4, 7, 9, 2, 6, 1, 11, 8, 5, 0, 10, 3]",0,113789,0.6415977400029078
random,10,12,"[2, 7, 7, 1, 8, 0, 5, 3, 9, 6, 10, 2]",2,60001,0.5222830590064405
HC,10,12,"[1, 5, 8, 1, 11, 2, 6, 9, 0, 4, 3, 7]",2,671,0.0032942830002866685
SA,10,12,"[2, 6, 5, 9, 0, 3, 10, 7, 2, 4, 1, 8]",2,466,0.0026408589983475395
GA,10,12,"[0, 7, 1, 6, 9, 9, 4, 0, 3, 11, 2, 8]",2,113671,0.65183611199609
random,11,12,"[0, 11, 7, 5, 9, 11, 1, 3, 6, 2, 4, 8]",3,60001,0.5236339469993254
HC,11,12,"[6, 3, 9, 0, 8, 4, 11, 7, 2, 10, 5, 1]",1,805,0.004073495001648553
SA,11,12,"[4, 7, 10, 0, 5, 10, 1, 9, 11, 2, 8, 3]",1,466,0.002616700003272854
GA,11,12,"[11, 4, 2, 7, 10, 1, 3, 9, 0, 3, 8, 6]",1,113643,0.6471177920029731
random,12,12,"[6, 0, 11, 8, 4, 0, 10, 8, 1, 5, 7, 9]",2,60001,0.5246041950013023
HC,12,12,"[9, 7, 0, 10, 1, 5, 6, 8, 11, 2, 4, 10]",2,671,0.003320872005133424
SA,12,12,"[9, 1, 4, 2, 10, 8, 11, 0, 3, 7, 11, 8]",2,466,0.0026352780041634105
GA,12,12,"[4, 7, 10, 2, 9, 5, 0, 8, 1, 11, 6, 3]",0,113619,0.6481835279992083
random,13,12,"[4, 6, 1, 11, 2, 7, 9, 3, 0, 2, 10, 5]",1,60001,0.5063297800006694
HC,13,12,"[3, 0, 9, 5, 10, 1, 11, 2, 8, 1, 7, 4]",2,805,0.0038678799974150024
SA,13,12,"[7, 3, 0, 6, 4, 11, 11, 8, 2, 5, 9, 1]",1,466,0.0025968199988710694
GA,13,12,"[8, 11, 7, 2, 10, 1, 9, 4, 10, 7, 0, 6]",2,113509,0.6441740110021783
random,14,12,"[8, 3, 2, 4, 1, 9, 11, 6, 4, 0, 8, 5]",3,60001,0.5042574079998303
HC,14,12,"[8, 11, 1, 4, 6, 0, 3, 10, 7, 2, 10, 5]",2,537,0.0024917120026657358
SA,14,12,"[8, 11, 6, 1, 7, 10, 3, 0, 9, 5, 10, 2]",2,466,0.0024637419992359355
GA,14,12,"[6, 0, 11, 8, 1, 7, 1, 10, 2, 5, 11, 9]",2,113573,0.6231184209973435
random,15,12,"[7, 0, 2, 5, 8, 0, 4, 10, 1, 10, 6, 11]",3,60001,0.5056222560015158
HC,15,12,"[11, 4, 1, 9, 6, 10, 3, 7, 0, 2, 8, 5]",1,805,0.0037417829953483306
SA,15,12,"[4, 9, 3, 8, 11, 2, 11, 6, 0, 5, 10, 1]",2,466,0.0025175010014208965
GA,15,12,"[6, 0, 5, 7, 9, 3, 11, 2, 8, 10, 4, 1]",1,113713,0.665427505999105
random,16,12,"[8, 6, 1, 7, 11, 1, 7, 10, 3, 0, 2, 9]",2,60001,0.52481813000486
HC,16,12,"[3, 5, 9, 1, 1, 7, 2, 0, 8, 4, 11, 10]",2,1073,0.0054391329977079295
SA,16,12,"[7, 4, 6, 11, 9, 1, 5, 2, 10, 3, 0, 8]",0,317,0.001821117999497801
GA,16,12,"[5, 8, 0, 9, 4, 2, 10, 3, 7, 11, 11, 6]",1,113659,0.6721522990046651
random,17,12,"[2, 0, 5, 8, 5, 9, 6, 1, 11, 4, 7, 3]",3,60001,0.5292910759962979
HC,17,12,"[10, 5, 0, 4, 0, 9, 11, 1, 3, 6, 2, 8]",3,671,0.003355382999870926
SA,17,12,"[7, 3, 11, 6, 2, 0, 10, 1, 9, 5, 1, 4]",1,466,0.002652647999639157
GA,17,12,"[6, 11, 7, 4, 0, 5, 9, 1, 10, 8, 3, 3]",1,113681,0.6574141529999906
random,18,12,"[11, 3, 1, 4, 8, 5, 9, 1, 6, 0, 2, 7]",2,60001,0.528934174006281
HC,18,12,"[6, 10, 2, 0, 5, 3, 9, 11, 4, 8, 3, 1]",2,671,0.0030517490013153292
SA,18,12,"[7, 2, 0, 3, 9, 11, 5, 8, 10, 1, 4, 6]",1,466,0.002476041998306755
GA,18,12,"[10, 0, 10, 6, 4, 1, 11, 9, 5, 2, 8, 3]",1,113741,0.6228015480010072
random,19,12,"[5, 8, 10, 0, 7, 1, 4, 11, 2, 6, 9, 3]",2,60001,0.5041668710036902
HC,19,12,"[10, 8, 1, 2, 5, 3, 6, 9, 11, 4, 7, 0]",2,671,0.003107126998656895
SA,19,12,"[4, 2, 7, 9, 1, 8, 0, 3, 6, 11, 5, 10]",0,265,0.0014857950009172782
GA,19,12,"[5, 8, 10, 6, 0, 3, 1, 4, 7, 9, 11, 2]",1,113709,0.6243809920051717
random,20,12,"[6, 8, 11, 0, 7, 10, 4, 0, 10, 5, 9, 11]",3,60001,0.5017867469941848
HC,20,12,"[2, 6, 10, 10, 5, 11, 9, 1, 3, 8, 0, 7]",1,671,0.0030230990014388226
SA,20,12,"[3, 11, 9, 1, 10, 2, 0, 6, 8, 10, 5, 7]",1,466,0.002468402002705261
GA,20,12,"[9, 4, 10, 1, 11, 5, 7, 0, 3, 8, 6, 8]",1,113595,0.6138275670018629
random,21,12,"[10, 7, 9, 0, 3, 1, 11, 1, 8, 5, 2, 4]",3,60001,0.5070278239945765
HC,21,12,"[7, 2, 3, 8, 0, 5, 10, 6, 11, 0, 4, 1]",2,939,0.007019017000857275
SA,21,12,"[6, 4, 11, 0, 3, 7, 2, 2, 9, 1, 8, 5]",1,466,0.0024871220011846162
GA,21,12,"[2, 5, 9, 6, 1, 10, 4, 7, 0, 3, 11, 2]",1,113733,0.6051461199967889
random,22,12,"[0, 2, 6, 9, 1, 8, 11, 3, 10, 7, 9, 4]",1,60001,0.5129246170035913
HC,22,12,"[11, 7, 0, 4, 1, 10, 6, 2, 9, 5, 3, 5]",2,939,0.0045850629976484925
SA,22,12,"[10, 2, 5, 9, 4, 1, 8, 11, 3, 0, 7, 5]",1,466,0.002647428998898249
GA,22,12,"[2, 5, 10, 0, 7, 11, 2, 8, 1, 9, 0, 6]",2,113699,0.6248786600044696
random,23,12,"[9, 1, 6, 2, 10, 3, 11, 8, 5, 4, 0, 7]",2,60001,0.49788044700108003
HC,23,12,"[7, 4, 1, 3, 0, 6, 11, 8, 10, 0, 2, 9]",2,671,0.0030779290027567185
SA,23,12,"[4, 1, 5, 10, 2, 0, 8, 3, 7, 2, 11, 8]",2,466,0.002473472006386146
GA,23,12,"[7, 11, 3, 0, 0, 9, 4, 1, 10, 8, 10, 2]",2,113749,0.6291393409992452
random,24,12,"[6, 8, 0, 7, 3, 0, 9, 10, 5, 2, 4, 1]",2,60001,0.5030067180050537
HC,24,12,"[10, 6, 0, 2, 8, 6, 3, 1, 11, 5, 3, 7]",3,671,0.003088128003582824
SA,24,12,"[9, 4, 0, 5, 8, 11, 1, 7, 2, 6, 3, 10]",0,334,0.002772956002445426
GA,24,12,"[1, 7, 0, 11, 8, 4, 11, 9, 3, 6, 10, 2]",1,113609,0.626718018000247
random,25,12,"[7, 4, 6, 1, 11, 5, 0, 9, 9, 2, 10, 8]",3,60001,0.498011914001836
HC,25,12,"[7, 3, 6, 11, 7, 10, 0, 5, 1, 9, 9, 2]",2,939,0.004310709999117535
SA,25,12,"[3, 6, 10, 7, 0, 11, 5, 1, 9, 11, 8, 4]",1,466,0.0025681400002213195
GA,25,12,"[6, 8, 11, 4, 0, 5, 9, 1, 3, 11, 2, 10]",1,113745,0.6086781280027935
random,26,12,"[9, 0, 3, 1, 6, 9, 11, 7, 4, 2, 8, 5]",3,60001,0.5121680540032685
HC,26,12,"[4, 8, 10, 5, 2, 0, 9, 4, 7, 1, 3, 11]",2,671,0.003267304004111793
SA,26,12,"[6, 11, 7, 10, 0, 5, 10, 1, 9, 2, 8, 3]",1,466,0.002621118997922167
GA,26,12,"[1, 10, 4, 0, 3, 9, 2, 6, 11, 7, 5, 11]",2,113723,0.6480709110037424
random,27,12,"[10, 3, 9, 2, 10, 4, 0, 11, 9, 7, 5, 8]",3,60001,0.5224287050004932
HC,27,12,"[9, 4, 2, 11, 3, 8, 10, 5, 0, 6, 1, 7]",1,939,0.004451376000361051
SA,27,12,"[0, 7, 3, 11, 9, 1, 4, 6, 10, 2, 5, 8]",1,466,0.003998006999609061
GA,27,12,"[3, 9, 0, 5, 9, 1, 6, 11, 7, 0, 4, 8]",2,113669,0.641753007999796
random,28,12,"[2, 7, 11, 11, 8, 5, 1, 10, 3, 7, 9, 4]",3,60001,0.5125405360013247
HC,28,12,"[3, 7, 2, 11, 5, 10, 0, 9, 4, 4, 1, 8]",1,939,0.004556543994112872
SA,28,12,"[0, 6, 4, 7, 11, 8, 3, 1, 9, 2, 6, 1]",2,466,0.002590039999631699
GA,28,12,"[1, 7, 2, 0, 6, 10, 1, 11, 4, 8, 3, 9]",1,113815,0.6608726620033849
random,29,12,"[3, 9, 7, 4, 4, 10, 0, 6, 1, 5, 2, 8]",3,60001,0.5103004880002118
HC,29,12,"[7, 0, 4, 1, 8, 11, 9, 3, 5, 2, 10, 6]",0,939,0.00457858300069347
SA,29,12,"[9, 5, 10, 1, 4, 11, 7, 0, 2, 8, 1, 3]",1,466,0.002576509999926202
GA,29,12,"[2, 9, 1, 8, 11, 0, 6, 10, 5, 7, 11, 3]",1,113531,0.6548881420021644
random,0,15,"[12, 1, 12, 4, 0, 3, 5, 11, 14, 4, 0, 13, 8, 2, 9]",5,100001,1.1808863149999524
HC,0,15,"[9, 13, 4, 10, 0, 5, 1, 12, 14, 2, 8, 6, 3, 7, 11]",1,1697,0.012482619000365958
SA,0,15,"[2, 9, 6, 2, 7, 10, 1, 5, 14, 12, 3, 8, 13, 4, 0]",2,477,0.0038284120018943213
GA,0,15,"[7, 2, 8, 3, 12, 14, 11, 4, 0, 13, 5, 9, 6, 1, 10]",0,113575,0.9354102209981647
random,1,15,"[11, 3, 0, 13, 10, 5, 14, 0, 11, 8, 2, 6, 1, 9, 1]",4,100001,1.2039643680036534
HC,1,15,"[3, 11, 2, 10, 5, 0, 12, 1, 6, 14, 7, 13, 8, 2, 4]",2,1697,0.012783431993739214
SA,1,15,"[3, 5, 7, 13, 0, 6, 1, 5, 14, 9, 4, 8, 2, 12, 3]",3,477,0.003991056997620035
GA,1,15,"[6, 8, 1, 12, 12, 9, 11, 0, 2, 4, 7, 0, 10, 13, 5]",3,113569,0.9632271820009919
random,2,15,"[7, 3, 8, 14, 13, 0, 9, 11, 5, 1, 4, 0, 8, 3, 12]",5,100001,1.1916363649943378
HC,2,15,"[9, 12, 14, 0, 8, 3, 1, 10, 7, 2, 4, 11, 13, 5, 6]",1,1485,0.010832207997736987
SA,2,15,"[9, 3, 10, 14, 7, 0, 2, 8, 5, 1, 4, 5, 11, 6, 12]",2,477,0.00395300799573306
GA,2,15,"[9, 9, 1, 10, 7, 11, 6, 0, 12, 10, 5, 3, 14, 4, 8]",2,113655,0.9496300289974897
random,3,15,"[10, 13, 4, 12, 3, 0, 2, 11, 8, 14, 1, 1, 13, 9, 7]",3,100001,1.2073006900027394
HC,3,15,"[0, 7, 3, 8, 12, 4, 1, 14, 2, 6, 13, 9, 5, 0, 10]",1,1697,0.012824311001168098
SA,3,15,"[9, 4, 0, 13, 10, 7, 14, 12, 5, 8, 0, 11, 6, 2, 10]",2,477,0.003943567993701436
GA,3,15,"[11, 4, 6, 1, 13, 2, 7, 14, 10, 0, 5, 1, 12, 12, 8]",2,113531,0.9653963520031539
random,4,15,"[8, 0, 13, 6, 1, 12, 7, 13, 3, 5, 2, 9, 6, 4, 14]",4,100001,1.2048006679979153
HC,4,15,"[11, 4, 8, 5, 3, 10, 14, 7, 9, 13, 8, 1, 6, 0, 2]",2,1909,0.014302806994237471
SA,4,15,"[13, 1, 8, 4, 0, 3, 14, 9, 7, 12, 1, 6, 2, 5, 11]",1,477,0.003920098002708983
GA,4,15,"[11, 13, 8, 4, 0, 12, 6, 1, 7, 14, 3, 8, 10, 5, 2]",1,113689,0.9729188869969221
random,5,15,"[3, 11, 13, 4, 9, 0, 10, 1, 6, 2, 12, 12, 8, 7, 14]",4,100001,1.214897353995184
HC,5,15,"[7, 1, 3, 11, 0, 8, 4, 12, 14, 6, 10, 13, 2, 5, 9]",2,1909,0.014026084005308803
SA,5,15,"[5, 12, 1, 11, 2, 6, 13, 10, 8, 11, 14, 7, 0, 4, 9]",2,477,0.0038525489944731817
GA,5,15,"[9, 11, 4, 2, 0, 10, 12, 14, 8, 1, 3, 6, 13, 7, 5]",0,113673,0.9605560959971626
random,6,15,"[14, 4, 6, 0, 11, 7, 3, 13, 8, 1, 9, 2, 0, 9, 12]",4,100001,1.2067511830027797
HC,6,15,"[10, 8, 6, 2, 13, 5, 12, 9, 4, 14, 3, 0, 7, 1, 11]",1,1485,0.01112802100396948
SA,6,15,"[9, 6, 4, 0, 12, 3, 7, 13, 11, 2, 14, 10, 1, 5, 8]",1,477,0.0038720900047337636
GA,6,15,"[0, 8, 5, 14, 12, 3, 0, 4, 10, 1, 9, 2, 13, 9, 1]",3,113527,0.9687166459989385
random,7,15,"[9, 3, 10, 7, 2, 6, 2, 4, 8, 12, 5, 13, 1, 5, 0]",4,100001,1.196842284000013
HC,7,15,"[1, 14, 8, 10, 2, 4, 9, 11, 0, 3, 12, 6, 7, 13, 2]",3,1485,0.010974463999446016
SA,7,15,"[0, 2, 4, 9, 12, 10, 13, 1, 5, 0, 14, 7, 10, 6, 3]",3,477,0.003847871004836634
GA,7,15,"[13, 7, 1, 12, 5, 13, 4, 7, 3, 11, 6, 14, 0, 10, 8]",2,113649,0.9675999120008782
random,8,15,"[11, 5, 2, 4, 1, 14, 6, 2, 10, 8, 13, 9, 3, 0, 6]",4,100001,1.1983072700022603
HC,8,15,"[0, 14, 12, 5, 7, 2, 13, 5, 9, 1, 6, 2, 11, 8, 4]",2,1485,0.010968005000904668
SA,8,15,"[13, 6, 9, 5, 8, 1, 12, 2, 7, 7, 0, 3, 9, 4, 14]",2,477,0.003828801003692206
GA,8,15,"[3, 6, 0, 12, 1, 11, 14, 2, 10, 5, 14, 1, 13, 4, 8]",2,113587,0.9552350300000398
random,9,15,"[5, 10, 11, 3, 12, 2, 13, 10, 7, 13, 8, 14, 0, 8, 6]",5,100001,1.2178616849996615
HC,9,15,"[6, 14, 3, 8, 3, 12, 2, 11, 5, 1, 4, 9, 0, 13, 7]",1,1485,0.01106675199844176
SA,9,15,"[6, 1, 13, 10, 3, 9, 14, 12, 2, 0, 5, 7, 4, 11, 8]",2,477,0.003892630003974773
GA,9,15,"[3, 7, 10, 2, 6, 6, 13, 0, 12, 14, 8, 5, 1, 9, 11]",1,113669,0.9673890460035182
random,10,15,"[0, 12, 14, 7, 5, 1, 14, 8, 0, 2, 4, 13, 9, 12, 3]",4,100001,1.2028177850006614
HC,10,15,"[14, 8, 1, 3, 12, 0, 2, 5, 9, 11, 13, 4, 6, 10, 7]",2,1485,0.011107962003734428
SA,10,15,"[11, 9, 5, 12, 0, 4, 13, 7, 10, 14, 2, 6, 1, 3, 8]",0,273,0.0022400779998861253
GA,10,15,"[9, 7, 10, 14, 1, 6, 4, 12, 8, 13, 3, 14, 11, 8, 0]",2,113589,0.9645443330009584
random,11,15,"[13, 11, 5, 14, 11, 1, 4, 1, 10, 0, 9, 0, 13, 3, 7]",4,100001,1.2067143949971069
HC,11,15,"[5, 2, 4, 13, 0, 12, 9, 1, 14, 6, 8, 3, 11, 0, 7]",2,1697,0.0127069849986583
SA,11,15,"[7, 2, 6, 11, 0, 4, 12, 5, 3, 1, 13, 8, 14, 0, 3]",2,477,0.003984606999438256
GA,11,15,"[6, 2, 7, 10, 13, 3, 14, 0, 4, 9, 4, 14, 11, 8, 5]",2,113681,0.9535479090045555
random,12,15,"[10, 4, 11, 8, 0, 3, 3, 14, 12, 9, 2, 6, 2, 8, 1]",5,100001,1.2150456509989453
HC,12,15,"[8, 2, 11, 13, 10, 5, 3, 0, 4, 12, 14, 9, 6, 12, 1]",1,2121,0.01575436299754074
SA,12,15,"[5, 0, 12, 9, 4, 8, 1, 14, 10, 2, 6, 11, 13, 7, 3]",1,477,0.0038950989983277395
GA,12,15,"[8, 1, 14, 6, 11, 9, 11, 5, 2, 10, 3, 0, 14, 9, 13]",3,113717,0.951323010995111
random,13,15,"[5, 11, 8, 14, 2, 8, 13, 0, 0, 4, 1, 12, 6, 3, 1]",4,100001,1.2053303270004108
HC,13,15,"[3, 7, 13, 1, 9, 2, 5, 11, 4, 0, 4, 12, 14, 8, 6]",1,1909,0.0145196820012643
SA,13,15,"[11, 7, 1, 6, 2, 12, 10, 3, 13, 9, 2, 4, 0, 14, 8]",2,477,0.003994676997535862
GA,13,15,"[10, 8, 0, 3, 7, 13, 2, 12, 14, 3, 11, 2, 5, 1, 9]",2,113547,0.9524266849984997
random,14,15,"[1, 9, 7, 14, 12, 3, 13, 0, 2, 6, 1, 11, 8, 10, 4]",4,100001,1.168880735996936
HC,14,15,"[7, 12, 8, 11, 13, 6, 2, 9, 1, 3, 14, 0, 4, 10, 5]",2,1697,0.011901633995876182
SA,14,15,"[11, 0, 3, 10, 6, 13, 9, 13, 1, 5, 2, 8, 12, 4, 12]",2,477,0.003724524001881946
GA,14,15,"[3, 9, 13, 1, 2, 7, 5, 12, 8, 0, 4, 6, 1, 14, 11]",2,113683,0.9167079370017746
random,15,15,"[0, 7, 9, 12, 3, 1, 6, 4, 2, 14, 11, 13, 4, 8, 5]",4,100001,1.1724528220001957
HC,15,15,"[10, 7, 0, 4, 1, 13, 6, 6, 11, 11, 14, 5, 2, 8, 3]",2,1485,0.01049098600196885
SA,15,15,"[10, 14, 0, 8, 4, 7, 13, 11, 14, 12, 3, 5, 13, 1, 9]",2,477,0.0037740319967269897
GA,15,15,"[4, 6, 11, 14, 12, 3, 0, 13, 7, 9, 2, 12, 5, 1, 10]",2,113535,0.8968765490062651
random,16,15,"[13, 11, 1, 7, 5, 3, 11, 0, 10, 6, 4, 2, 0, 8, 14]",4,100001,1.1690962509965175
HC,16,15,"[6, 13, 3, 10, 8, 4, 1, 9, 0, 2, 7, 14, 12, 9, 5]",1,1697,0.012039460001687985
SA,16,15,"[6, 2, 10, 1, 9, 2, 5, 11, 4, 0, 12, 14, 7, 13, 3]",2,477,0.003829470995697193
GA,16,15,"[9, 2, 4, 7, 14, 10, 13, 0, 5, 12, 6, 1, 11, 4, 8]",1,113577,0.9068876759993145
random,17,15,"[6, 10, 12, 4, 0, 0, 14, 2, 2, 13, 8, 13, 11, 1, 5]",5,100001,1.1826702159960405
HC,17,15,"[12, 6, 11, 3, 5, 9, 4, 13, 0, 8, 1, 14, 7, 2, 10]",0,1485,0.011033043003408238
SA,17,15,"[9, 3, 10, 14, 1, 6, 13, 0, 7, 14, 4, 11, 8, 12, 2]",2,477,0.0037524130020756274
GA,17,15,"[10, 3, 0, 2, 9, 6, 14, 1, 8, 5, 13, 11, 0, 4, 7]",2,113741,0.9131331110038445
random,18,15,"[12, 5, 13, 1, 0, 4, 14, 14, 11, 9, 4, 6, 3, 10, 2]",4,100001,1.177548024999851
HC,18,15,"[5, 10, 2, 13, 11, 9, 0, 6, 4, 1, 12, 8, 3, 14, 7]",1,2121,0.01525136500276858
SA,18,15,"[13, 5, 1, 11, 14, 7, 9, 2, 13, 10, 6, 0, 12, 4, 8]",1,477,0.0037790630012750626
GA,18,15,"[10, 6, 1, 5, 2, 11, 3, 8, 12, 2, 13, 7, 0, 4, 14]",1,113637,0.9098100470000645
random,19,15,"[13, 5, 12, 1, 3, 0, 9, 8, 3, 14, 10, 7, 5, 4, 11]",5,100001,1.1856163470001775
HC,19,15,"[2, 10, 5, 7, 0, 11, 14, 1, 13, 4, 9, 12, 3, 6, 12]",2,1485,0.011020573998393957
SA,19,15,"[11, 8, 10, 5, 2, 14, 1, 3, 7, 13, 4, 12, 9, 0, 3]",1,477,0.0038473799941129982
GA,19,15,"[14, 1, 6, 9, 3, 8, 11, 4, 1, 10, 0, 13, 7, 5, 2]",2,113661,0.9371049030014547
random,20,15,"[12, 9, 4, 1, 8, 11, 5, 14, 0, 10, 0, 6, 3, 7, 14]",4,100001,1.2083108279985026
HC,20,15,"[1, 6, 11, 14, 2, 4, 8, 13, 0, 3, 5, 10, 12, 9, 11]",2,1273,0.009505869005806744
SA,20,15,"[11, 1, 4, 13, 10, 0, 7, 3, 12, 6, 9, 14, 5, 5, 8]",1,477,0.0038654699965263717
GA,20,15,"[2, 14, 5, 9, 13, 0, 3, 6, 13, 10, 0, 11, 4, 7, 12]",2,113567,0.939035237999633
random,21,15,"[5, 3, 0, 10, 13, 11, 14, 2, 4, 1, 8, 12, 3, 7, 14]",4,100001,1.1858765510041849
HC,21,15,"[5, 1, 10, 4, 13, 8, 2, 9, 7, 0, 14, 3, 6, 10, 12]",1,2333,0.01729861700005131
SA,21,15,"[7, 0, 14, 8, 5, 14, 9, 3, 6, 4, 12, 10, 5, 13, 11]",3,477,0.0038605509980698116
GA,21,15,"[14, 2, 10, 6, 14, 2, 0, 3, 12, 7, 1, 11, 5, 8, 13]",2,113583,0.9318363650018
random,22,15,"[12, 8, 1, 8, 0, 5, 3, 11, 14, 10, 13, 5, 7, 4, 6]",4,100001,1.184005105002143
HC,22,15,"[11, 11, 5, 10, 4, 1, 3, 13, 9, 7, 0, 6, 14, 2, 8]",2,1485,0.010993953997967765
SA,22,15,"[2, 7, 3, 6, 12, 9, 1, 4, 14, 11, 8, 10, 0, 13, 5]",2,477,0.003941137998481281
GA,22,15,"[9, 12, 10, 1, 14, 2, 8, 14, 0, 10, 6, 4, 11, 13, 3]",2,113685,0.9182886109992978
random,23,15,"[12, 2, 6, 1, 7, 0, 11, 0, 8, 10, 2, 13, 3, 9, 4]",4,100001,1.1779983250016812
HC,23,15,"[10, 5, 11, 14, 3, 6, 2, 12, 8, 0, 13, 4, 10, 1, 7]",2,2121,0.0156254959947546
SA,23,15,"[1, 14, 4, 8, 12, 0, 2, 10, 5, 9, 0, 3, 6, 11, 13]",2,477,0.00386799900297774
GA,23,15,"[5, 8, 11, 3, 7, 7, 10, 0, 14, 1, 4, 6, 9, 2, 13]",1,113613,0.9358765809956822
random,24,15,"[8, 4, 11, 9, 2, 2, 8, 12, 1, 13, 14, 7, 3, 0, 6]",4,100001,1.170315783994738
HC,24,15,"[4, 11, 1, 8, 10, 13, 9, 14, 0, 3, 12, 2, 7, 6, 14]",3,1273,0.00904369899944868
SA,24,15,"[11, 9, 5, 1, 8, 0, 2, 7, 13, 4, 12, 5, 3, 10, 6]",2,477,0.0036683449943666346
GA,24,15,"[5, 12, 10, 13, 7, 3, 1, 14, 9, 6, 10, 7, 11, 6, 0]",3,113647,0.9001187440007925
random,25,15,"[10, 4, 11, 0, 6, 1, 13, 13, 7, 9, 11, 5, 3, 14, 12]",5,100001,1.1597175089991651
HC,25,15,"[14, 5, 11, 4, 6, 13, 9, 12, 0, 2, 6, 1, 3, 10, 8]",2,1273,0.008930892996431794
SA,25,15,"[8, 11, 7, 2, 6, 1, 12, 10, 5, 13, 4, 0, 13, 3, 9]",1,477,0.0036978139978600666
GA,25,15,"[8, 4, 12, 8, 11, 11, 6, 3, 5, 0, 14, 10, 13, 1, 9]",3,113671,0.897806439003034
random,26,15,"[3, 12, 0, 5, 8, 9, 14, 4, 13, 1, 1, 11, 6, 6, 10]",4,100001,1.1853704730019672
HC,26,15,"[13, 3, 7, 2, 8, 11, 1, 14, 0, 5, 0, 9, 6, 10, 1]",2,1485,0.010407128000224475
SA,26,15,"[13, 10, 3, 6, 11, 2, 0, 3, 0, 7, 14, 1, 5, 12, 9]",2,477,0.0037147830007597804
GA,26,15,"[1, 14, 9, 11, 8, 2, 12, 3, 11, 0, 10, 5, 5, 8, 13]",3,113743,0.8845767359962338
random,27,15,"[4, 1, 10, 2, 7, 11, 3, 0, 9, 1, 12, 9, 6, 2, 5]",3,100001,1.190354957994714
HC,27,15,"[13, 1, 7, 4, 8, 14, 0, 13, 3, 1, 12, 10, 5, 2, 11]",2,2121,0.015055910000228323
SA,27,15,"[11, 1, 4, 10, 14, 9, 3, 13, 2, 8, 5, 7, 13, 6, 12]",2,477,0.003771241994400043
GA,27,15,"[4, 2, 11, 5, 10, 12, 9, 0, 13, 9, 1, 8, 7, 3, 6]",2,113889,0.9050754199997755
random,28,15,"[6, 1, 12, 2, 13, 2, 10, 14, 0, 0, 8, 4, 14, 7, 9]",3,100001,1.1792847239994444
HC,28,15,"[1, 6, 2, 12, 2, 8, 10, 3, 14, 11, 7, 0, 9, 1, 4]",3,1273,0.00957273700623773
SA,28,15,"[14, 2, 13, 10, 6, 3, 0, 0, 11, 9, 7, 1, 4, 12, 10]",2,477,0.0038878190025570802
GA,28,15,"[9, 7, 0, 13, 8, 10, 1, 3, 9, 12, 4, 2, 14, 5, 11]",1,113705,0.9437834179989295
random,29,15,"[2, 11, 6, 13, 10, 8, 5, 1, 4, 9, 0, 12, 3, 14, 11]",5,100001,1.231365542000276
HC,29,15,"[0, 14, 6, 9, 11, 1, 7, 12, 2, 8, 1, 13, 5, 10, 4]",3,1273,0.009354923000501003
SA,29,15,"[9, 4, 13, 8, 6, 2, 0, 5, 14, 10, 6, 3, 12, 2, 7]",3,477,0.006087549001676962
GA,29,15,"[8, 4, 14, 3, 13, 7, 12, 12, 1, 6, 11, 0, 2, 9, 13]",2,113765,0.9419686800029012
